latitude	longitude	zipcode	category
ST	40.984233	-73.777635
CC	40.972638	-73.794658
K	40.906871	-73.783264
CC	40.933201	-73.758398
K	40.907117	-73.784652
ER	40.911413	-73.779197
ER	40.925782	-73.788933
M	40.99518	-73.819832
CC	41.005315	-73.81248
ST	40.974539	-73.80394
G	40.909897	-73.788933
SR	40.91255	-73.775041
ST	40.989358	-73.807762
ER	40.909767	-73.805882
ST	40.970637	-73.80707
G	40.911478	-73.777842
ST	40.946817	-73.79433
M	40.991177	-73.822727
R	41.00216	-73.813715
CC	40.986364	-73.775637
ER	40.918642	-73.773797
K	40.932072	-73.759315
M	40.889881	-73.818065
ST	40.911792	-73.782359
ER	40.891214	-73.782272
K	40.914565	-73.784396
ER	40.907382	-73.811661
ST	40.898762	-73.794887
CC	40.969977	-73.805379
ER	41.012533	-73.811855
M	40.915354	-73.807444
G	40.985183	-73.774923
P	40.946659	-73.794558
K	40.929518	-73.751319
CC	40.934586	-73.762093
K	40.919713	-73.805179
ST	40.911464	-73.782968
ER	40.900197	-73.793981
M	40.919112	-73.788575
V	40.972707	-73.774965
ST	40.916725	-73.778783
CC	40.982812	-73.788786
CC	40.970367	-73.804795
ST	40.990049	-73.806332
CC	40.917714	-73.787587
R	40.994233	-73.819331
CC	40.995386	-73.818011
U	40.896378	-73.804285
K	40.987264	-73.809807
CC	40.987815	-73.825158
CC	41.00901	-73.789902
M	40.948542	-73.792471
G	40.929628	-73.751597
R	40.915172	-73.784509
CC	40.910169	-73.810559
M	40.906181	-73.777143
K	40.928582	-73.753099
ST	40.908128	-73.772222
K	40.901858	-73.790894
ST	40.904002	-73.788794
CC	40.935338	-73.755881
R	40.920177	-73.776308
AS	40.911638	-73.780651
ST	40.904347	-73.8065
ST	40.98926	-73.765884
CC	40.988062	-73.824944
CC	40.988957	-73.806457
V	40.941269	-73.756003
CC	40.961462	-73.778882
CC	40.988333	-73.807092
ST	40.909116	-73.794851
M	40.98899	-73.82439
CC	40.982118	-73.811964
ST	40.988836	-73.807505
K	40.969551	-73.806426
CC	40.986369	-73.775606
K	40.9135	-73.808848
SR	40.888443	-73.78937
M	40.906724	-73.811552
K	40.914318	-73.773774
U	40.977363	-73.80557
CC	40.913402	-73.786207
CC	40.897397	-73.782154
M	40.97361	-73.80325
R	40.91493	-73.772621
ST	40.918827	-73.805356
K	40.913196	-73.808461
K	40.902327	-73.791284
R	40.938112	-73.74512
ER	40.894123	-73.797041
CC	40.913629	-73.779303
CC	40.970846	-73.804698
CC	40.91355	-73.779519
ST	40.923103	-73.788024
ST	40.913317	-73.775383
CC	40.948398	-73.792434
CC	40.909338	-73.781956
SR	40.915775	-73.810067
K	40.985185	-73.777269
ST	40.929458	-73.752383
ER	40.902573	-73.773714
CC	40.986376	-73.775595
ER	40.911255	-73.799892
ST	40.937007	-73.747363
CC	40.913616	-73.77943
SR	40.993666	-73.820869
G	40.975926	-73.802542
K	40.918038	-73.786378
U	40.919648	-73.788757
R	40.970658	-73.806169
ER	40.998226	-73.765697
ST	40.934292	-73.763296
CC	40.920788	-73.74941
P	40.989911	-73.806348
CC	40.893389	-73.784631
CC	40.969428	-73.80623
SR	40.921217	-73.788466
SR	40.918863	-73.767745
ER	40.993424	-73.757557
K	40.923647	-73.78792
ST	40.958957	-73.772944
K	40.910941	-73.810431
ER	40.916513	-73.769879
ER	40.931467	-73.760821
U	41.001112	-73.814222
M	40.984931	-73.775001
V	40.933198	-73.780875
CC	40.974313	-73.80306
K	40.9815	-73.776547
SR	40.917516	-73.806836
X	40.914176	-73.783147
U	40.890835	-73.817459
K	40.986393	-73.808734
R	40.910762	-73.780576
SR	40.908605	-73.782347
ER	40.947332	-73.78761
ST	40.911172	-73.780961
R	40.930822	-73.750332
K	40.893925	-73.82012
K	40.990035	-73.807466
G	40.90233	-73.789629
V	40.983531	-73.807117
K	40.909396	-73.780569
R	40.907719	-73.780752
ST	40.974287	-73.803965
CC	40.913494	-73.786096
X	40.920843	-73.775581
CC	40.988496	-73.808062
K	40.908828	-73.782625
ER	40.919464	-73.787854
ST	40.910194	-73.781438
SR	40.914455	-73.782071
K	40.931967	-73.760079
ST	40.913914	-73.777808
CC	40.91332	-73.78944
SR	40.910499	-73.783773
K	40.893723	-73.782103
R	40.941197	-73.748146
CC	41.005316	-73.812492
K	40.989064	-73.808809
CC	41.005345	-73.812501
SR	40.909489	-73.781149
ER	40.928196	-73.771788
K	40.92975	-73.751918
K	40.922724	-73.788339
SR	40.913866	-73.775331
K	40.928605	-73.764999
K	40.914367	-73.77366
K	40.898674	-73.777799
CC	40.894492	-73.820851
K	40.906361	-73.811862
CC	40.988306	-73.806684
M	40.995309	-73.819713
K	40.980757	-73.776529
K	40.923144	-73.788002
ST	40.932423	-73.764378
ST	40.904889	-73.786924
K	40.914868	-73.772444
CC	40.925686	-73.804638
CC	40.912777	-73.809152
M	40.979593	-73.801576
CC	40.89946	-73.787032
ST	40.995052	-73.820028
R	40.989188	-73.806472
MF	40.980089	-73.809854
V	40.905263	-73.776998
K	40.909824	-73.779782
ST	40.920158	-73.764728
SR	40.972908	-73.804553
ST	41.001622	-73.813912
SR	41.002313	-73.836386
K	40.987298	-73.809789
M	40.919114	-73.788573
K	40.914441	-73.773306
ST	40.932316	-73.758035
ST	40.979568	-73.801572
K	40.912834	-73.808674
M	40.908433	-73.783218
K	40.984401	-73.809281
CC	40.929067	-73.764614
K	40.905251	-73.774751
MF	40.997177	-73.817666
ST	40.971972	-73.803835
MF	40.931052	-73.761301
ST	40.997285	-73.817514
M	40.986758	-73.808451
U	40.92892	-73.764009
SR	40.935301	-73.756324
CC	40.912996	-73.787518
CC	40.986376	-73.775615
ST	41.004324	-73.813209
K	40.915897	-73.770644
K	40.907498	-73.784335
ST	40.99448	-73.819041
ST	40.910502	-73.781698
ER	40.990267	-73.823359
ST	40.900978	-73.79179
SR	40.910999	-73.781395
K	40.98559	-73.81028
K	40.909984	-73.796236
ST	40.927468	-73.752223
K	40.990496	-73.823115
V	40.917959	-73.787016
SR	40.917874	-73.767844
CC	40.923595	-73.760762
CC	40.986332	-73.837024
K	40.908905	-73.782689
ER	40.992052	-73.811135
SR	41.007706	-73.809371
CC	40.974339	-73.802966
CC	40.909387	-73.779951
CC	40.923293	-73.76023
ER	40.92443	-73.773127
ER	40.892858	-73.785743
ST	40.912794	-73.774791
ER	40.920321	-73.804857
ST	40.930417	-73.762093
K	40.975032	-73.802231
CC	40.920899	-73.751431
CC	40.995374	-73.818101
V	40.975171	-73.775549
SR	40.927134	-73.770954
K	40.910882	-73.780176
ST	40.896772	-73.794246
K	40.997964	-73.816204
M	40.985756	-73.808847
ST	40.988939	-73.806553
SR	40.915829	-73.788962
ER	40.929739	-73.772194
MF	40.987816	-73.809824
CC	40.90934	-73.781954
ST	40.915854	-73.807608
X	40.89828	-73.786175
ST	40.916131	-73.77032
K	40.94584	-73.795102
M	40.920593	-73.787344
ER	40.9894	-73.807273
K	40.922553	-73.788335
ST	40.946789	-73.795194
K	40.907309	-73.78256
SR	40.986492	-73.80851
CC	40.894099	-73.817796
U	40.91061	-73.792225
R	40.918554	-73.766976
K	40.907803	-73.779239
SR	40.927819	-73.766029
ST	40.974831	-73.803863
ER	40.975038	-73.802183
ST	40.973309	-73.80416
U	40.976356	-73.802377
CC	40.909375	-73.781935
ER	40.913491	-73.786066
U	40.930776	-73.749715
R	40.990666	-73.823077
ER	40.93515	-73.762191
SR	40.928895	-73.769564
ST	40.912401	-73.808854
ST	40.932473	-73.758311
CC	40.948427	-73.792492
K	40.913953	-73.777824
CC	40.988031	-73.82494
ER	40.983766	-73.760436
CC	40.913086	-73.778905
K	40.977091	-73.804264
ST	40.910822	-73.810119
R	40.996957	-73.817138
CC	40.919453	-73.804923
R	40.929755	-73.750413
CC	40.92105	-73.755534
U	40.915773	-73.810097
CC	40.944585	-73.766325
M	40.930517	-73.762249
ST	40.907971	-73.770689
K	40.933116	-73.75905
R	40.93294	-73.758514
ER	40.905503	-73.8125
SR	40.933782	-73.747872
R	40.976903	-73.80352
M	40.946378	-73.79521
SR	40.939869	-73.798261
K	40.916236	-73.785307
G	40.971524	-73.806178
SR	40.97693	-73.803942
CC	40.988315	-73.80712
U	40.979878	-73.776324
SR	40.932417	-73.764375
CC	40.912493	-73.790501
CC	40.9337	-73.758524
ER	41.002005	-73.813748
ER	40.95313	-73.765866
K	40.947403	-73.79533
R	40.923378	-73.775205
SR	40.929724	-73.763089
U	40.948298	-73.793087
ER	40.935136	-73.769616
M	40.988895	-73.806478
K	40.947564	-73.794204
ST	40.932956	-73.759496
K	40.98443	-73.777035
K	40.915929	-73.807569
CC	40.930525	-73.790062
K	40.913997	-73.808645
ST	40.976388	-73.800156
K	40.945859	-73.795933
ST	40.969483	-73.806497
CC	40.917949	-73.787583
CC	40.91332	-73.789447
K	40.998321	-73.815178
ST	40.897432	-73.777507
ST	40.970529	-73.805003
SR	40.970216	-73.7829
CC	40.984812	-73.809076
M	40.985749	-73.808871
M	40.922415	-73.773212
G	40.976659	-73.802779
CC	40.968413	-73.786228
CC	40.963321	-73.771981
K	40.99008	-73.80683
K	40.915111	-73.807596
ER	40.906054	-73.773669
CC	40.931001	-73.762038
ER	40.911817	-73.812664
ST	40.893119	-73.8196
K	40.9329	-73.759483
ST	40.989946	-73.806839
V	40.954192	-73.797979
SR	40.895471	-73.779189
ER	40.929659	-73.790595
K	40.888436	-73.790023
K	40.915098	-73.807582
K	40.906552	-73.811653
SR	40.908657	-73.779998
ST	40.933208	-73.759018
CC	40.970846	-73.80469
CC	40.906298	-73.78771
G	40.891892	-73.820931
SR	40.906648	-73.811543
M	40.931567	-73.75974
G	40.986957	-73.810272
SR	40.927621	-73.750663
U	40.915542	-73.784657
CC	40.933421	-73.752409
ST	40.891201	-73.821041
U	40.994313	-73.819709
CC	40.920591	-73.76299
CC	40.969422	-73.806026
ST	40.92887	-73.750815
ST	40.906463	-73.778171
CC	40.911959	-73.782141
MF	40.907503	-73.779184
ST	40.991435	-73.821875
CC	41.006095	-73.811916
SR	40.906775	-73.77388
ST	40.913161	-73.780586
R	40.920841	-73.787582
CC	40.989394	-73.807269
K	40.926371	-73.786331
M	40.916855	-73.780432
K	40.918031	-73.804265
K	40.909589	-73.798297
R	40.906178	-73.777152
CC	40.988497	-73.807015
CC	40.913549	-73.787873
ST	40.94617	-73.795215
V	40.90731	-73.777998
ST	40.970619	-73.80485
ER	40.931772	-73.760107
CC	40.913554	-73.787881
M	40.930996	-73.749624
U	40.98676	-73.80855
CC	40.913501	-73.786074
V	40.991942	-73.795476
ST	40.909171	-73.780717
ST	40.986732	-73.826257
ER	40.884606	-73.791519
SR	40.974383	-73.775382
K	40.988252	-73.809691
HH	40.978624	-73.805632
ER	41.003592	-73.794122
ST	40.989273	-73.807301
R	40.915216	-73.784265
SR	40.91537	-73.808843
SR	40.924024	-73.758172
K	40.914959	-73.784565
CC	40.904646	-73.775172
V	40.929152	-73.78869
SR	40.906917	-73.780873
SR	40.91982	-73.787102
CC	40.978301	-73.786474
K	40.923743	-73.788004
K	40.986872	-73.810308
ER	40.989024	-73.809537
ST	40.914823	-73.77253
R	40.918585	-73.76697
CC	40.916657	-73.795981
CC	40.948104	-73.792758
SR	40.905671	-73.788256
M	40.974712	-73.804052
ER	40.911935	-73.779552
V	40.923778	-73.791071
ST	40.922095	-73.764606
K	40.909298	-73.811125
ST	40.933627	-73.758687
SR	40.931218	-73.761112
ST	40.923299	-73.760224
ST	40.980478	-73.819662
K	40.911427	-73.779172
CC	40.988352	-73.807103
K	40.983809	-73.77727
U	40.919185	-73.766037
CC	40.976903	-73.803543
MF	40.988977	-73.807524
CC	40.893375	-73.784639
K	40.911124	-73.781038
K	40.907323	-73.784401
R	40.917276	-73.806932
R	40.910768	-73.781995
ST	40.909457	-73.791721
SR	40.918037	-73.768353
R	40.913009	-73.785283
CC	40.926559	-73.773022
ER	41.009223	-73.809488
CC	40.989392	-73.807245
SR	40.905976	-73.785603
ST	40.979589	-73.80159
K	40.922889	-73.78758
CC	40.943018	-73.801165
ER	40.898275	-73.816869
CC	40.978479	-73.805027
K	40.9469	-73.795452
CC	40.989107	-73.807154
R	40.910464	-73.780923
CC	40.932644	-73.750799
CC	40.988316	-73.807121
CC	40.932252	-73.762461
U	40.915962	-73.810956
ST	40.938761	-73.762219
ER	40.93832	-73.790744
ER	40.893721	-73.775012
K	40.897136	-73.804091
CC	40.988026	-73.82491
CC	40.979048	-73.807493
M	40.936623	-73.747864
K	40.988339	-73.809714
MF	40.908894	-73.781194
ST	40.914193	-73.782731
MF	40.909148	-73.783986
ST	40.899095	-73.800183
ER	40.948624	-73.792296
M	40.998873	-73.816317
ST	40.911186	-73.780282
ST	41.002009	-73.813779
K	40.920373	-73.787212
R	40.913606	-73.779324
V	40.910526	-73.782069
SR	40.988451	-73.809633
R	40.932098	-73.758782
ST	40.932542	-73.758612
ST	40.908468	-73.782544
CC	40.988161	-73.807333
K	40.990253	-73.823203
K	40.909364	-73.781276
ER	40.986624	-73.794082
ER	40.891769	-73.781458
CC	40.913063	-73.79066
SR	40.938931	-73.752033
SR	40.997412	-73.816051
ST	40.984902	-73.777837
K	40.91422	-73.784096
ST	40.90535	-73.787592
X	40.998587	-73.816615
CC	40.933114	-73.748238
ST	40.970948	-73.804585
CC	40.93423	-73.761396
V	40.911585	-73.786448
U	40.948311	-73.793085
ST	40.893863	-73.820281
K	40.926911	-73.789445
R	40.913602	-73.777273
CC	40.988038	-73.824912
CC	40.97086	-73.804719
ER	40.94706	-73.794272
K	40.912741	-73.809217
K	40.906811	-73.783234
SR	40.985499	-73.834714
K	40.911274	-73.796694
K	40.974578	-73.80393
K	40.932114	-73.757735
ST	40.945766	-73.796269
ST	40.911852	-73.784286
K	41.002981	-73.812835
SR	40.906368	-73.789435
ER	40.980815	-73.776494
M	40.925014	-73.791859
ER	40.918701	-73.807233
K	40.910474	-73.781722
M	41.00427	-73.813193
ST	40.984897	-73.77775
R	40.987014	-73.810349
ER	40.968086	-73.762706
R	40.922093	-73.773902
R	40.970845	-73.804716
ST	40.932461	-73.759579
WT	40.92816	-73.771486
U	40.904428	-73.787708
ER	40.910881	-73.79641
R	40.933197	-73.758255
ST	40.909737	-73.780949
WT	40.930593	-73.76219
V	40.908641	-73.781274
SR	40.994075	-73.820324
M	40.985775	-73.808868
ST	40.892561	-73.82048
ST	40.90821	-73.782862
U	40.915771	-73.810066
G	40.987414	-73.808298
CC	40.974567	-73.80394
SR	40.88739	-73.791433
K	40.94871	-73.792177
ER	41.000994	-73.80782
M	40.928829	-73.77109
CC	40.929116	-73.750827
SR	40.906613	-73.778366
CC	40.933174	-73.758258
K	40.922119	-73.773944
ER	40.931286	-73.766581
ST	40.989935	-73.806895
U	40.987377	-73.823962
R	40.990621	-73.807472
X	40.965308	-73.795629
ER	40.985449	-73.7533
SR	40.914691	-73.794046
K	40.984373	-73.774838
CC	40.978095	-73.769707
K	40.971053	-73.806647
G	40.987171	-73.809827
SR	40.927225	-73.771611
X	40.981139	-73.766792
SR	40.958941	-73.772916
ST	40.976506	-73.80357
M	40.914345	-73.773555
CC	40.976864	-73.816822
CC	40.927978	-73.752203
ST	40.935312	-73.74711
ST	40.972589	-73.804634
K	40.909429	-73.794932
CC	40.936518	-73.792196
M	40.931451	-73.759857
U	40.984031	-73.775064
R	40.910563	-73.810401
CC	40.913441	-73.786174
U	40.908319	-73.811575
CC	40.991926	-73.762699
SR	40.921259	-73.764704
ST	40.932301	-73.759979
ST	40.989624	-73.8072
K	40.906201	-73.784839
K	40.988169	-73.808184
CC	40.894571	-73.781594
ST	40.908433	-73.784378
CC	40.909431	-73.811042
ST	41.009009	-73.809651
K	40.927372	-73.789724
SR	40.920025	-73.785931
CC	40.930774	-73.76161
ST	40.902844	-73.790567
CC	40.927941	-73.752206
R	40.914836	-73.784529
CC	40.969882	-73.795178
ER	40.97431	-73.803956
M	40.913199	-73.777323
CC	40.910164	-73.810561
ST	40.991591	-73.823075
K	40.908898	-73.781196
V	40.946653	-73.796522
SR	40.929224	-73.752494
CC	40.995303	-73.84004
K	40.921217	-73.787933
SR	40.922146	-73.763336
CC	40.99372	-73.8222
CC	40.970865	-73.804712
ST	40.893041	-73.817814
M	40.9933	-73.820047
ST	40.970896	-73.80679
AS	40.91526	-73.75142
CC	40.993772	-73.822677
ST	40.968655	-73.807181
K	40.908939	-73.783707
R	40.914539	-73.808334
ST	40.985776	-73.809993
CC	41.005318	-73.812492
SR	40.909814	-73.780542
ST	41.007528	-73.809506
K	40.917538	-73.786167
ER	40.886983	-73.791762
K	40.945854	-73.795803
CC	40.893375	-73.7846
ER	40.916588	-73.806747
CC	40.985785	-73.809984
CC	41.004276	-73.813185
R	40.986957	-73.824125
ER	40.892402	-73.820731
ER	40.979142	-73.807783
K	40.933322	-73.759424
ER	40.997916	-73.790336
ER	40.920334	-73.804864
CC	40.94188	-73.786446
ST	40.969224	-73.806508
SR	40.931466	-73.763179
K	40.992933	-73.821972
ST	40.914422	-73.779598
ER	40.985498	-73.810368
R	40.988491	-73.80782
G	41.009233	-73.809494
ST	40.896034	-73.804678
K	40.908187	-73.779697
ER	40.918908	-73.801209
K	40.915025	-73.772336
CC	40.988041	-73.824918
ST	40.990007	-73.80725
SR	40.910261	-73.796216
U	40.890836	-73.817424
V	40.918195	-73.786495
ER	40.90259	-73.776752
K	40.898439	-73.790603
K	40.905219	-73.774776
CC	40.995347	-73.818103
SR	40.920593	-73.765167
G	40.947183	-73.794071
R	40.916834	-73.769767
V	40.988139	-73.798876
ST	40.906797	-73.785411
MF	40.908368	-73.784545
V	40.895554	-73.805562
ST	40.907194	-73.793915
CC	40.91287	-73.78755
M	40.985772	-73.808857
CC	40.988045	-73.824926
R	40.913671	-73.808765
G	40.896895	-73.804591
ST	40.913514	-73.786075
ST	41.005736	-73.810532
CC	40.940787	-73.781266
ST	40.935148	-73.747024
R	40.987202	-73.809814
WT	40.907789	-73.783692
K	40.93179	-73.747811
SR	40.91549	-73.77041
K	40.904337	-73.788377
ST	40.912647	-73.789995
CC	40.99055	-73.758965
K	40.909927	-73.788576
SR	40.936068	-73.797407
K	40.920619	-73.787291
K	40.992556	-73.822861
ST	40.976096	-73.80347
U	40.996523	-73.818194
U	40.912263	-73.775085
SR	40.909774	-73.780921
X	40.971365	-73.776537
K	40.996066	-73.817805
SR	40.924009	-73.781976
CC	40.988019	-73.824919
CC	40.982143	-73.811954
SR	40.922	-73.763806
CC	40.989066	-73.809162
G	40.911627	-73.779052
R	40.910316	-73.78079
CC	41.002791	-73.782352
SR	40.911874	-73.774603
ST	40.980375	-73.776493
K	40.909614	-73.81086
ER	41.006062	-73.811885
K	40.909369	-73.781166
V	41.010912	-73.793111
K	40.927392	-73.789682
M	40.913187	-73.808467
ST	40.924576	-73.744406
ST	40.907784	-73.783675
R	40.932354	-73.759037
ER	40.988855	-73.804927
SR	40.914944	-73.778533
CC	41.002297	-73.813652
ST	40.932068	-73.759854
CC	40.923398	-73.760289
M	40.908297	-73.78218
SR	40.912715	-73.781724
SR	40.982663	-73.81321
CC	40.988341	-73.807123
CC	40.925911	-73.804556
CC	40.913071	-73.79063
K	40.895795	-73.805117
K	40.990533	-73.806352
ST	41.005352	-73.812504
SR	40.947203	-73.79531
SR	40.988346	-73.809112
WT	40.971968	-73.803827
CC	40.960643	-73.795208
X	40.97339	-73.802887
SR	40.929612	-73.763289
ST	40.933306	-73.758889
R	40.989612	-73.807096
K	40.915122	-73.807593
CC	40.913095	-73.790634
SR	40.914818	-73.771222
K	40.907688	-73.78388
SR	40.905659	-73.788266
K	40.907919	-73.782241
ER	40.92817	-73.771773
ER	40.973186	-73.804918
CC	40.905772	-73.785938
SR	41.005703	-73.810613
K	40.912319	-73.808932
M	40.933211	-73.759045
CC	40.995388	-73.818135
V	40.989581	-73.799968
ST	40.928926	-73.769571
M	40.99982	-73.814744
K	40.973432	-73.804051
R	40.946712	-73.795936
CC	40.988489	-73.807038
K	40.933745	-73.758402
R	40.999673	-73.814843
R	40.915501	-73.771574
K	40.930117	-73.751427
K	41.008806	-73.809841
CC	40.979203	-73.807962
K	40.910841	-73.778069
ST	40.917185	-73.785837
V	40.909268	-73.77951
ST	40.989113	-73.824602
ST	40.936151	-73.747674
ST	40.914354	-73.77364
ST	40.893006	-73.819324
K	40.978426	-73.820643
ER	40.989014	-73.807504
K	40.897095	-73.777714
K	40.969974	-73.805616
SR	40.926887	-73.773184
ST	40.912725	-73.781721
U	40.996555	-73.818172
CC	40.979053	-73.807531
ST	40.923333	-73.787298
K	40.9873	-73.809825
ER	40.988916	-73.809241
ST	40.921823	-73.764468
CC	40.989048	-73.809128
ER	40.895668	-73.79271
CC	41.009475	-73.790645
ER	40.936016	-73.755415
CC	40.913104	-73.790662
K	40.911722	-73.809703
U	41.007238	-73.809874
CC	40.988319	-73.807128
ST	40.984672	-73.777718
K	40.905103	-73.787691
CC	40.969445	-73.806268
SR	40.999932	-73.816064
CC	40.913987	-73.780412
ST	40.930152	-73.751564
G	40.938338	-73.746529
K	40.896286	-73.778262
M	40.911737	-73.779673
K	40.91229	-73.781857
SR	40.924447	-73.757317
ST	40.987525	-73.809813
ER	40.912681	-73.781654
CC	40.981301	-73.813151
M	40.946766	-73.795344
R	40.911494	-73.783084
M	40.986897	-73.823998
R	40.907018	-73.811589
ST	40.988315	-73.797442
V	40.988101	-73.798864
K	40.90887	-73.784137
R	40.91271	-73.809234
SR	40.928514	-73.768956
K	40.918471	-73.805218
CC	40.912476	-73.79051
ST	40.907305	-73.784255
K	40.905824	-73.81202
K	40.9083	-73.783113
ST	41.000226	-73.838378
ER	40.901055	-73.79201
SR	40.912351	-73.782539
ER	40.909415	-73.779943
ST	40.90866	-73.783399
K	40.916982	-73.785644
CC	40.931761	-73.760123
K	40.928453	-73.752894
CC	40.935342	-73.755883
ST	40.910501	-73.78377
SR	40.902401	-73.814269
K	40.908934	-73.784276
M	40.989251	-73.806294
K	40.895919	-73.778669
K	40.990845	-73.823083
CC	40.913503	-73.786068
ST	40.948448	-73.792553
ST	40.910919	-73.781948
CC	40.988318	-73.807138
SR	40.90004	-73.79083
K	40.895828	-73.778763
K	40.915256	-73.785225
ER	40.973213	-73.804931
K	40.915641	-73.807735
K	40.926908	-73.789396
CC	40.988929	-73.806481
CC	40.925914	-73.804554
ST	40.979559	-73.801451
V	40.920135	-73.78722
ST	40.92287	-73.787487
MF	40.927868	-73.75199
ST	40.989171	-73.807792
R	40.904724	-73.787496
X	40.912897	-73.779168
HH	40.910954	-73.778025
SR	40.915518	-73.766877
CC	40.986115	-73.808743
CC	40.909571	-73.780185
SR	40.90213	-73.775657
CC	40.988036	-73.824923
U	40.929003	-73.764078
ST	40.907015	-73.784082
K	40.932235	-73.759653
SR	40.915844	-73.782765
SR	40.910097	-73.798206
MF	40.91315	-73.808485
ST	40.890876	-73.821125
K	40.922985	-73.76091
ER	40.97999	-73.795142
CC	40.96067	-73.795233
ST	40.987628	-73.804237
ER	40.907736	-73.811129
SR	40.905429	-73.812308
CC	40.935372	-73.756314
K	40.999852	-73.814643
K	40.980347	-73.776492
CC	41.005354	-73.812476
CC	40.910231	-73.788911
CC	41.00536	-73.812475
M	40.929425	-73.751137
M	40.890572	-73.818231
K	40.923636	-73.787921
CC	40.935323	-73.755876
ST	40.914004	-73.781208
MF	40.906647	-73.811665
G	40.977791	-73.806753
R	40.907231	-73.785086
ST	40.970985	-73.80672
M	40.98813	-73.808196
ST	40.908905	-73.781862
R	40.995146	-73.819861
CC	40.976868	-73.80219
ST	40.905236	-73.788822
CC	40.909559	-73.780198
SR	40.91319	-73.777306
ST	40.902193	-73.791632
ST	40.932225	-73.763342
K	40.9096	-73.794224
K	40.915522	-73.785105
K	40.90666	-73.777612
K	40.903603	-73.789156
CC	40.905856	-73.787093
CC	40.995354	-73.818101
K	40.935353	-73.759682
SR	40.92037	-73.764494
M	40.988478	-73.807958
R	40.891086	-73.818739
K	40.995009	-73.819978
K	40.947753	-73.79426
CC	40.97875	-73.80613
V	40.913877	-73.786534
CC	40.931765	-73.760109
ER	40.906503	-73.773893
K	40.921324	-73.763349
SR	40.948309	-73.793352
CC	40.894494	-73.820811
CC	40.981542	-73.8118
ST	40.907724	-73.779377
ER	40.916282	-73.784743
V	41.010936	-73.793113
ST	40.907679	-73.778542
M	40.914936	-73.785076
ER	40.93341	-73.745463
M	40.909052	-73.780899
ER	40.909753	-73.780918
ST	41.006078	-73.811923
M	40.907943	-73.782197
K	40.909342	-73.796066
ST	40.906512	-73.786491
ER	40.915059	-73.807635
CC	40.911751	-73.788019
K	40.918891	-73.786768
K	40.913621	-73.779315
ST	40.912462	-73.8093
G	40.97452	-73.802815
K	40.989356	-73.807305
CC	40.90208	-73.81174
M	40.915179	-73.807946
ST	40.908267	-73.781685
K	40.895822	-73.805163
U	40.909361	-73.793913
CC	40.976769	-73.804581
ST	40.922459	-73.763116
M	40.91631	-73.810778
ER	40.92922	-73.763746
SR	40.88991	-73.817885
CC	40.930033	-73.76265
ST	40.989271	-73.807074
SR	40.921285	-73.764733
ER	40.998935	-73.814859
ST	40.969986	-73.805604
ER	40.986217	-73.776671
CC	40.98936	-73.807268
SR	40.993641	-73.82089
SR	40.899972	-73.812198
K	40.912851	-73.775707
ST	41.006094	-73.811932
CC	40.969433	-73.806122
SR	40.930413	-73.762049
CC	41.005364	-73.812493
R	41.005415	-73.812281
ER	40.93004	-73.762686
ST	40.914888	-73.772439
R	40.915463	-73.807815
ER	40.981232	-73.778571
K	40.984383	-73.777019
CC	40.913098	-73.790624
ST	40.921929	-73.772559
M	40.918553	-73.76695
ER	40.915023	-73.807622
CC	40.913011	-73.780396
ER	40.91374	-73.765344
R	40.916178	-73.806934
G	40.990008	-73.807524
R	40.901727	-73.791603
CC	40.910535	-73.79457
ST	40.932978	-73.759433
K	40.895925	-73.805293
V	40.917343	-73.791686
SR	40.919689	-73.805181
R	40.914883	-73.772583
R	40.947004	-73.795284
M	41.009102	-73.809542
ST	40.923165	-73.803934
CC	40.909378	-73.779935
ST	40.937429	-73.745841
ST	40.890601	-73.820943
ST	40.909733	-73.782516
CC	40.979023	-73.807491
CC	40.974592	-73.803903
ST	40.93241	-73.759478
CC	41.005347	-73.812504
ST	40.892947	-73.818066
CC	40.913616	-73.779306
K	40.928434	-73.751303
K	40.946698	-73.794453
CC	40.932864	-73.761829
ER	41.00502	-73.807072
ER	40.969957	-73.805678
ER	40.987698	-73.765172
SR	40.915736	-73.808631
SR	40.930019	-73.753127
ER	40.906514	-73.773377
K	40.907902	-73.770769
K	40.9157	-73.784826
K	40.993814	-73.819415
SR	40.935322	-73.74839
ER	40.928932	-73.762901
CC	40.913627	-73.779314
ER	40.988749	-73.824697
M	40.922308	-73.765374
ST	40.914961	-73.807665
K	40.997208	-73.817574
CC	40.970127	-73.785537
R	40.897121	-73.778065
ST	40.914048	-73.784529
CC	40.913411	-73.786196
K	40.910559	-73.781142
K	40.986593	-73.826362
K	40.981485	-73.776545
CC	41.005363	-73.812509
K	40.892678	-73.820396
ER	40.946953	-73.796877
ST	40.900166	-73.793944
CC	40.969388	-73.806257
ST	40.912881	-73.809194
ST	40.928962	-73.764744
K	40.910599	-73.781771
SR	40.987628	-73.809868
K	40.907776	-73.784092
M	41.007697	-73.810782
CC	40.948423	-73.792465
K	40.996973	-73.817788
X	40.92706	-73.789552
ST	40.970005	-73.805604
ER	40.918061	-73.789141
ST	40.909638	-73.811008
SR	40.917621	-73.768979
K	40.918677	-73.777358
ST	40.96877	-73.807106
ER	40.886094	-73.791479
U	40.977397	-73.805466
V	40.90481	-73.785143
ER	40.979792	-73.804605
ER	40.986781	-73.773548
R	40.976028	-73.802598
K	40.948776	-73.79205
ST	40.929869	-73.752103
CC	40.986387	-73.775612
K	40.987643	-73.809808
K	40.926615	-73.789378
CC	40.988347	-73.807094
V	40.917325	-73.791711
K	40.90797	-73.779446
CC	40.913545	-73.779513
G	40.909657	-73.791081
M	40.912224	-73.783926
K	40.92721	-73.789475
G	40.895586	-73.778952
ST	40.894093	-73.817795
ST	40.984412	-73.774814
K	40.928664	-73.751591
ER	41.004308	-73.813216
ER	40.920349	-73.788317
CC	40.978204	-73.806292
CC	40.970679	-73.806144
CC	40.912976	-73.791621
K	40.97958	-73.801582
ER	40.989661	-73.805709
CC	40.990018	-73.806325
SR	40.913944	-73.777795
ER	40.912708	-73.781644
K	40.899091	-73.798457
SR	40.920016	-73.785934
ST	40.917186	-73.785192
ER	40.922799	-73.757782
MF	40.908658	-73.788049
K	40.910549	-73.782395
ST	40.905874	-73.789938
M	40.970729	-73.790412
K	40.9384	-73.746454
K	40.914721	-73.785029
SR	40.973941	-73.785354
ER	41.006053	-73.809912
CC	40.988309	-73.80711
ST	40.89029	-73.818125
ER	40.972917	-73.809326
ER	40.908233	-73.782128
ST	40.902609	-73.790052
ER	40.985763	-73.809976
SR	40.913714	-73.774379
G	40.972326	-73.804917
K	40.928589	-73.752292
ST	40.902064	-73.790942
K	40.906746	-73.785221
SR	40.889528	-73.822012
SR	40.914234	-73.794442
V	40.903201	-73.789669
K	40.913347	-73.808387
K	40.927161	-73.752375
V	40.90951	-73.784561
K	40.920678	-73.787406
V	40.916717	-73.794566
SR	40.945847	-73.795062
CC	40.948575	-73.792366
ST	40.977986	-73.806001
CC	40.969316	-73.806323
ER	40.932076	-73.763233
K	40.907277	-73.784481
K	40.917629	-73.803287
K	40.915383	-73.80746
CC	40.913094	-73.790646
CC	40.932922	-73.761884
K	40.893771	-73.820547
MF	40.968585	-73.806294
G	40.897153	-73.804461
V	40.954193	-73.79798
ST	40.98998	-73.807046
ER	40.910643	-73.782427
ST	40.988994	-73.807325
ST	40.908539	-73.781627
V	40.917397	-73.789523
K	40.981772	-73.77654
M	40.938367	-73.746114
K	40.987529	-73.809848
SR	40.905812	-73.792878
ER	40.906159	-73.785268
K	40.909002	-73.795798
CC	40.923579	-73.759595
CC	40.932246	-73.762454
ST	40.976546	-73.803295
V	40.92716	-73.794152
G	40.909606	-73.780965
CC	40.925659	-73.761004
MF	40.981354	-73.776542
CC	40.932808	-73.759701
K	40.908667	-73.811335
ER	41.011928	-73.783781
ST	40.932101	-73.759711
K	40.914808	-73.772763
SR	40.977693	-73.80943
CC	41.005347	-73.812498
CC	40.979545	-73.801459
SR	40.915278	-73.807312
ST	40.896045	-73.805008
CC	40.98828	-73.806666
K	40.990201	-73.806782
K	40.908689	-73.772104
ST	40.938986	-73.745053
R	40.933668	-73.747902
ST	40.976249	-73.804164
K	40.908305	-73.78178
G	40.905759	-73.788683
SR	40.932409	-73.748455
K	40.928302	-73.752044
K	40.909303	-73.794035
CC	40.986382	-73.775614
ST	40.99366	-73.81956
R	40.905873	-73.774154
V	40.911081	-73.786032
K	40.910403	-73.780899
ER	40.980678	-73.76348
M	40.973629	-73.803279
K	40.891444	-73.818976
R	40.912079	-73.809016
V	40.91651	-73.790781
ST	40.928442	-73.752741
K	40.908396	-73.78268
CC	40.989366	-73.807286
V	40.988954	-73.807366
K	41.009047	-73.809641
ST	40.969968	-73.805912
K	40.923572	-73.787923
CC	40.988049	-73.824941
SR	40.888547	-73.790751
SR	40.935689	-73.770179
ER	40.931088	-73.744904
U	40.929638	-73.763299
M	40.970987	-73.80658
ER	40.943952	-73.796603
K	40.946987	-73.795477
ST	40.932462	-73.75954
ST	40.908627	-73.782488
ER	40.982787	-73.801862
CC	41.004264	-73.813217
CC	40.912474	-73.790508
CC	40.913625	-73.779325
K	40.909534	-73.794577
SR	40.974624	-73.803899
K	41.007795	-73.810738
V	40.910174	-73.778867
ST	40.907967	-73.770673
K	40.905676	-73.774342
R	40.934819	-73.748242
ST	40.92872	-73.771448
ER	40.917298	-73.746274
K	40.932359	-73.762859
ST	40.922866	-73.77292
SR	40.916514	-73.785601
ER	40.932145	-73.763285
CC	40.979212	-73.807965
ST	40.970037	-73.80584
CC	40.909542	-73.780177
CC	40.90585	-73.787109
K	40.979596	-73.801572
SR	40.915458	-73.785117
ST	40.929316	-73.751206
ST	40.915814	-73.810531
R	40.984534	-73.776753
CC	40.970655	-73.806152
ST	40.915854	-73.807635
M	40.995889	-73.819068
K	40.911036	-73.781536
U	40.890822	-73.817451
K	40.914715	-73.785032
ST	41.009682	-73.809182
CC	41.005336	-73.812486
ST	40.910159	-73.810591
SR	40.97798	-73.805974
ER	41.011034	-73.808346
SR	40.927846	-73.766029
SR	40.926738	-73.75206
K	40.988306	-73.808209
ST	40.986452	-73.826572
ST	40.90657	-73.811559
R	40.994867	-73.818563
CC	40.983397	-73.788272
CC	40.943219	-73.799729
SR	40.997499	-73.817658
K	40.937086	-73.747311
M	40.971421	-73.804215
ER	40.979688	-73.764839
K	40.890439	-73.817497
ST	40.893083	-73.819657
SR	40.977567	-73.804649
V	40.927069	-73.750652
K	40.989068	-73.808962
CC	41.005349	-73.812471
CC	40.988029	-73.824912
ST	40.992355	-73.823039
CC	40.982158	-73.811902
P	40.929853	-73.751078
M	40.920962	-73.787147
K	40.936228	-73.746751
ST	40.930838	-73.761689
K	40.910523	-73.780983
K	40.91437	-73.77355
R	40.911833	-73.809694
K	40.91208	-73.809601
SR	40.931	-73.766977
CC	40.919931	-73.804626
K	40.985682	-73.808831
SR	40.928997	-73.770486
CC	40.933155	-73.748292
K	40.908605	-73.77942
K	40.897219	-73.777752
SR	40.924297	-73.802367
K	40.908765	-73.782462
K	40.908344	-73.78312
K	40.898781	-73.777848
ST	40.92097	-73.787131
ER	40.977053	-73.80446
GG	40.916081	-73.807603
R	40.984582	-73.77435
ST	40.984433	-73.774779
K	40.995309	-73.819719
ST	40.98474	-73.77781
ST	40.984759	-73.777779
K	40.893626	-73.821013
SR	40.909147	-73.784056
ER	40.978389	-73.806625
CC	41.006087	-73.811909
CC	40.939004	-73.795581
SR	40.911553	-73.784096
ST	40.889336	-73.785168
ER	40.895408	-73.80576
ER	40.896191	-73.771409
ST	40.92861	-73.765001
K	40.903411	-73.789404
V	40.980028	-73.816599
K	40.923058	-73.788056
ST	40.913493	-73.78606
ER	40.910427	-73.779647
ER	40.897735	-73.770616
V	40.943929	-73.795499
CC	40.990569	-73.758948
K	41.004618	-73.812779
K	40.906143	-73.811882
K	40.907373	-73.77916
SR	40.909139	-73.7816
CC	41.004303	-73.813191
ST	40.988791	-73.807374
M	41.005187	-73.79084
SR	40.891611	-73.817608
ST	40.935309	-73.756316
SR	40.902946	-73.775271
K	40.916876	-73.778546
ST	40.913316	-73.789463
K	40.910614	-73.78102
K	40.928579	-73.753097
K	40.919362	-73.766584
K	40.910751	-73.778174
K	40.99305	-73.822269
CC	40.947308	-73.763184
V	40.930089	-73.767382
MF	40.909479	-73.779993
SR	40.979888	-73.776374
CC	40.989362	-73.807278
ER	40.988318	-73.809709
SR	40.978606	-73.805363
CC	40.986402	-73.775595
G	40.984403	-73.777663
K	40.909456	-73.794908
ST	40.976802	-73.802782
CC	40.913093	-73.790644
ER	40.930556	-73.762206
K	40.913766	-73.808249
K	40.923761	-73.758715
K	40.910647	-73.780982
ER	40.975926	-73.800517
CC	40.932821	-73.761854
ST	40.969324	-73.80648
G	40.991489	-73.823099
R	40.990009	-73.808142
ST	40.889146	-73.785253
K	40.929805	-73.752088
ST	40.986962	-73.826073
M	40.927262	-73.773202
ST	40.932076	-73.759727
ST	40.947619	-73.795357
K	40.904223	-73.788519
ST	40.96932	-73.80647
K	40.990034	-73.807249
V	40.992684	-73.800553
M	40.98576	-73.808871
CC	40.913948	-73.777835
SR	40.922731	-73.787778
U	40.907917	-73.811517
ST	40.895371	-73.817653
ER	40.936604	-73.759725
CC	40.930556	-73.762168
SR	40.912718	-73.78157
M	40.908197	-73.782383
K	40.925596	-73.788799
U	40.894227	-73.821101
K	40.977668	-73.806713
ER	41.004292	-73.788941
SR	40.938097	-73.747612
K	40.932386	-73.75817
K	40.998324	-73.815272
ST	40.892332	-73.776725
SR	40.912685	-73.781606
MF	40.977048	-73.804282
R	40.988324	-73.80714
ST	40.892633	-73.818353
ST	40.98909	-73.824685
SR	40.935458	-73.758353
ER	40.911044	-73.779652
V	40.996544	-73.80371
CC	40.986371	-73.775595
ST	40.923256	-73.761704
K	40.988927	-73.806466
M	40.890065	-73.816976
ST	41.007424	-73.809836
K	40.931455	-73.760591
ST	40.923529	-73.761125
U	40.891567	-73.817902
R	40.921327	-73.788101
CC	40.932822	-73.749333
CC	40.934525	-73.790638
K	40.989678	-73.80775
K	40.97606	-73.802612
ER	40.904977	-73.787789
K	40.984338	-73.777
CC	40.968568	-73.807034
CC	40.896679	-73.806
ST	40.984915	-73.825373
ST	40.909238	-73.780508
K	40.897103	-73.804196
K	40.900921	-73.793016
K	40.913489	-73.773511
ER	40.979136	-73.807751
AS	40.913966	-73.777882
ER	40.985311	-73.776759
ER	40.908355	-73.781373
M	40.978178	-73.806349
CC	40.913096	-73.790649
X	40.909268	-73.791746
K	40.945782	-73.795944
SR	40.925891	-73.77221
SR	40.99786	-73.789876
V	40.918654	-73.796826
ST	40.933659	-73.758477
ST	40.969299	-73.80674
G	40.914126	-73.794404
CC	40.913086	-73.790646
ER	40.984952	-73.775014
R	40.931223	-73.761787
CC	40.93083	-73.761692
SR	40.920895	-73.804766
K	40.931258	-73.761028
ST	40.90757	-73.783913
ER	40.913336	-73.786075
ST	40.928071	-73.752248
ST	40.912446	-73.808849
V	40.928003	-73.751392
K	40.929691	-73.751766
CC	41.005341	-73.812511
X	40.912768	-73.778797
CC	40.983026	-73.779117
ST	40.926576	-73.786549
R	40.935404	-73.756285
ST	40.976512	-73.803536
CC	40.904678	-73.775152
SR	40.914245	-73.774031
P	40.911662	-73.781728
R	40.968663	-73.807466
ST	40.988924	-73.807382
SR	40.909447	-73.783684
ER	40.969949	-73.80566
U	40.932973	-73.764722
M	40.907329	-73.784289
SR	40.909699	-73.783551
ST	40.910815	-73.779863
K	40.908477	-73.784431
U	40.979882	-73.776365
R	40.916178	-73.806943
SR	40.955549	-73.783761
ST	40.91009	-73.780649
K	40.928988	-73.764742
CC	40.923386	-73.760283
CC	40.921134	-73.787094
CC	40.913078	-73.790647
K	40.92458	-73.787743
ST	40.991344	-73.822903
CC	40.923553	-73.759518
ST	40.976404	-73.804678
ER	40.885262	-73.784541
R	40.910912	-73.781916
ST	40.914607	-73.77271
K	40.926155	-73.789133
K	40.911361	-73.784245
R	40.912952	-73.808586
ER	40.981402	-73.776563
ST	40.991453	-73.823061
CC	40.93007	-73.762668
ST	40.922313	-73.773714
SR	40.981531	-73.776543
V	40.906991	-73.785872
ST	40.887445	-73.787574
R	40.914409	-73.773353
SR	40.977221	-73.814917
K	40.911959	-73.782149
SR	40.919939	-73.765985
G	40.929294	-73.752347
R	40.932606	-73.762248
U	40.90625	-73.785996
SR	40.926609	-73.771902
M	40.912495	-73.809304
K	40.908854	-73.782623
ER	40.919543	-73.804864
G	40.91376	-73.784357
R	40.910161	-73.79666
K	40.980533	-73.776597
ER	40.891853	-73.818166
K	40.946454	-73.795273
ST	41.004906	-73.812765
K	40.998083	-73.815351
R	40.909064	-73.784155
R	40.903054	-73.776617
CC	40.913097	-73.790658
ST	40.997566	-73.817581
ST	41.005333	-73.812482
R	40.911026	-73.782102
ER	40.958586	-73.781673
ST	40.991783	-73.823033
ST	40.932503	-73.759416
M	40.986328	-73.809616
ST	40.906858	-73.783118
V	40.991487	-73.802583
K	40.997023	-73.817752
ER	41.009263	-73.809525
ST	40.932347	-73.759516
ST	40.895666	-73.81764
SR	40.910105	-73.79966
G	40.908678	-73.785274
K	40.910372	-73.78103
K	40.975859	-73.802638
CC	40.988355	-73.807121
K	40.908066	-73.779565
SR	40.947225	-73.794021
AS	40.896111	-73.801015
K	40.896139	-73.778424
M	40.973032	-73.773581
ER	40.993522	-73.795737
K	40.914348	-73.773627
SR	40.976404	-73.803058
ST	40.929024	-73.751402
ST	40.946411	-73.795211
SR	40.932656	-73.758693
CC	40.989072	-73.809121
G	40.902427	-73.79027
CC	40.932837	-73.761839
ER	40.980333	-73.812212
K	40.908529	-73.783317
K	40.931944	-73.759375
G	40.924576	-73.787732
SR	40.91558	-73.807332
K	40.929463	-73.75122
SR	40.92837	-73.794334
ST	40.960302	-73.784271
CC	40.901477	-73.770495
SR	40.920345	-73.764521
K	40.920113	-73.805148
K	40.916347	-73.810826
ER	40.921491	-73.764346
SR	40.916118	-73.770389
CC	40.974312	-73.802939
ST	40.924243	-73.792729
CC	40.96936	-73.806367
R	40.932827	-73.761819
CC	40.913103	-73.79063
CC	40.913347	-73.789457
ST	40.909788	-73.780928
SR	40.977978	-73.805964
ST	40.933484	-73.761413
V	40.924214	-73.791358
AS	40.897854	-73.772859
K	40.933791	-73.758211
ER	40.985952	-73.81001
CC	40.988506	-73.808066
ER	40.989769	-73.79514
ER	40.887457	-73.787557
CC	40.913245	-73.789418
U	40.896406	-73.778388
ST	40.907746	-73.779233
CC	40.987905	-73.772338
M	41.010259	-73.808519
ST	40.897453	-73.79589
ST	40.980141	-73.809997
ST	40.987168	-73.810242
V	40.90656	-73.784462
ST	40.991461	-73.822998
ER	40.985537	-73.808941
ST	40.990227	-73.823163
ST	40.989038	-73.807788
K	40.996878	-73.817197
ER	40.976388	-73.803009
ER	40.911468	-73.779564
R	40.902743	-73.789791
K	40.987748	-73.837531
M	40.985761	-73.808849
K	40.914632	-73.78439
K	40.990115	-73.808114
CC	40.975895	-73.787795
CC	40.98783	-73.825144
ST	40.912838	-73.787537
M	40.934061	-73.748651
ST	40.910597	-73.810509
ER	40.991415	-73.823121
CC	40.988061	-73.824944
CC	40.978735	-73.806162
ST	40.906532	-73.786463
M	40.915353	-73.807459
ST	40.999266	-73.816318
CC	40.960657	-73.795226
K	40.977686	-73.806675
ER	40.977322	-73.778797
K	40.978166	-73.807432
CC	40.987857	-73.82518
K	40.910039	-73.795884
SR	40.94324	-73.76234
K	40.915354	-73.771656
CC	40.988356	-73.807131
K	40.977885	-73.759196
ER	40.926498	-73.784709
CC	40.97958	-73.801594
ST	40.919701	-73.805141
CC	40.987817	-73.825142
K	40.91883	-73.805795
K	40.933148	-73.759063
ER	40.92655	-73.751199
V	40.989653	-73.795077
K	40.90865	-73.811367
ST	40.932506	-73.758362
ST	40.984927	-73.775003
CC	40.929249	-73.750742
K	40.908681	-73.783499
CC	40.975873	-73.78784
M	40.912748	-73.779505
MF	40.91299	-73.80913
ST	40.89605	-73.794913
ST	40.990674	-73.823088
WT	40.915755	-73.808624
K	40.910133	-73.789873
ST	40.914206	-73.784641
CC	40.913541	-73.787868
M	40.892383	-73.820991
R	40.993784	-73.822548
CC	41.004291	-73.8132
CC	41.005342	-73.812478
M	40.913621	-73.779319
K	40.946749	-73.795417
CC	40.988058	-73.763749
K	40.946022	-73.795091
CC	40.926286	-73.803915
K	40.984351	-73.777561
CC	41.005352	-73.812468
K	40.909039	-73.781587
ST	40.930054	-73.750787
M	40.90631	-73.794056
CC	40.96948	-73.806275
K	40.908525	-73.783318
K	40.903107	-73.789697
K	40.932115	-73.757737
M	40.978759	-73.806136
CC	40.929133	-73.750797
ST	40.911885	-73.774548
SR	40.993112	-73.821544
CC	40.988271	-73.806652
R	40.910541	-73.810425
CC	40.91342	-73.786183
ST	40.935747	-73.747875
SR	40.909667	-73.780103
CC	40.895457	-73.782491
K	40.938555	-73.746214
CC	40.994327	-73.83427
CC	40.917783	-73.787508
G	40.916479	-73.77893
CC	40.935339	-73.756309
CC	40.923525	-73.759629
ER	41.012871	-73.792836
K	40.927355	-73.789517
K	40.900049	-73.787028
CC	40.98804	-73.824926
SR	40.916685	-73.80732
CC	41.005351	-73.812492
CC	40.923211	-73.761665
CC	40.923563	-73.75959
CC	40.913346	-73.78946
K	40.906798	-73.811532
K	40.911058	-73.781153
ST	40.914308	-73.784178
K	40.920923	-73.787631
CC	40.916516	-73.785784
K	40.928371	-73.752791
R	40.971916	-73.805583
K	40.914366	-73.773617
M	40.909049	-73.78091
K	40.890118	-73.820601
CC	40.913078	-73.790654
CC	40.923287	-73.760215
ER	40.892293	-73.820652
K	40.986975	-73.82411
V	40.926608	-73.750079
ER	40.927399	-73.752262
ER	40.979029	-73.807263
CC	40.995353	-73.818102
CC	40.969515	-73.806271
ST	40.898974	-73.792708
CC	40.896654	-73.806018
R	40.979552	-73.801448
R	40.988969	-73.807873
ST	40.915433	-73.771621
SR	40.912722	-73.781689
CC	40.913503	-73.786077
CC	40.92588	-73.804567
SR	40.907485	-73.784204
CC	40.9329	-73.761865
M	40.898686	-73.791474
K	40.980823	-73.776552
ST	40.936093	-73.747523
SR	40.896648	-73.78553
R	40.946541	-73.79525
K	40.927746	-73.752059
K	40.898757	-73.799049
ST	40.992235	-73.823045
SR	40.977892	-73.805604
K	40.922483	-73.761774
SR	40.986467	-73.806888
SR	40.906743	-73.779702
M	40.985756	-73.808871
ST	40.996727	-73.817324
ST	40.928939	-73.751518
K	40.934247	-73.747901
P	40.911129	-73.812509
CC	40.923571	-73.759618
CC	40.946955	-73.795594
K	40.990532	-73.806466
CC	40.913437	-73.786199
ST	40.922734	-73.788376
CC	40.988333	-73.807131
V	40.954532	-73.796496
CC	40.912967	-73.791629
CC	40.970847	-73.804712
ST	40.931058	-73.761247
K	40.988564	-73.809582
K	40.890481	-73.818375
V	40.898224	-73.813759
K	40.922936	-73.788123
ST	40.902807	-73.78933
M	40.98677	-73.808441
R	40.984835	-73.809052
V	40.942816	-73.795155
ST	40.989088	-73.809288
CC	40.919996	-73.75191
ST	40.915528	-73.807373
K	40.933246	-73.759339
V	40.898277	-73.770345
CC	40.97953	-73.801445
SR	40.922132	-73.772453
M	40.998873	-73.816313
M	40.912471	-73.809314
ER	40.931371	-73.747679
R	40.932858	-73.76185
ST	40.917288	-73.778401
K	40.915052	-73.772301
K	40.907146	-73.784632
CC	40.922729	-73.787555
R	40.928521	-73.751199
ER	40.908556	-73.811445
ST	41.005917	-73.810842
SR	40.917649	-73.785386
CC	40.914454	-73.784754
M	40.911954	-73.784415
G	40.922042	-73.774016
SR	40.905886	-73.792794
M	40.908347	-73.781824
CC	41.008998	-73.789904
G	40.90798	-73.782667
ER	40.912477	-73.781307
M	40.912865	-73.779651
ST	40.911055	-73.791326
CC	40.998262	-73.767673
ST	40.93349	-73.76143
CC	40.933298	-73.74888
CC	41.006056	-73.8119
K	40.896496	-73.778409
P	40.985159	-73.777479
CC	40.988305	-73.806695
CC	40.901446	-73.77047
K	40.906014	-73.785601
M	40.906196	-73.793573
K	40.904149	-73.787868
ER	40.917657	-73.776579
ST	40.923111	-73.772858
CC	40.90881	-73.78251
U	40.987547	-73.797237
ST	40.98909	-73.807093
V	40.915435	-73.794096
K	40.911227	-73.780337
ER	40.952888	-73.783903
K	40.933187	-73.758986
K	40.911321	-73.780296
K	40.988965	-73.809018
ER	40.92979	-73.776346
K	40.931898	-73.759967
K	40.909438	-73.795115
U	40.91821	-73.806472
ER	40.968627	-73.806147
K	40.933018	-73.759695
SR	40.912795	-73.774801
M	40.892606	-73.818392
R	40.93268	-73.757914
U	40.887343	-73.791275
SR	40.91099	-73.792503
R	40.911476	-73.778896
CC	41.006064	-73.811912
ST	40.989108	-73.806597
ER	40.929217	-73.791158
ST	40.891916	-73.820758
SR	40.973633	-73.803281
K	40.980305	-73.776592
ST	40.902651	-73.790763
R	40.927661	-73.752149
ST	40.932603	-73.762252
ER	40.916163	-73.784865
K	40.988979	-73.807545
ST	40.90827	-73.78298
CC	40.909596	-73.780155
ST	40.909142	-73.780357
K	40.976587	-73.802797
K	40.933397	-73.758776
K	40.987427	-73.809837
ST	40.946466	-73.79522
R	40.953552	-73.793651
ST	40.910414	-73.779642
ER	41.010453	-73.819705
ST	40.89823	-73.792073
ST	40.98802	-73.809717
ER	40.972706	-73.759228
ST	40.907619	-73.785424
ER	40.946246	-73.795153
K	40.988009	-73.8097
M	40.9684	-73.806443
ST	41.006057	-73.811899
K	40.914337	-73.794479
V	40.941366	-73.793756
ST	40.898035	-73.792356
ST	40.917274	-73.778377
SR	40.932167	-73.759624
SR	40.917116	-73.769414
K	40.973405	-73.80347
ER	40.902302	-73.795333
SR	40.90552	-73.793309
ER	40.947005	-73.794298
CC	40.987838	-73.825144
R	40.916135	-73.770324
K	40.987175	-73.809823
V	40.909662	-73.790969
R	40.910375	-73.783572
SR	40.902473	-73.791275
ST	40.932135	-73.757714
ST	40.951708	-73.769753
K	40.911062	-73.779645
ER	40.895804	-73.806931
CC	40.942065	-73.754985
CC	40.988317	-73.807137
CC	41.016353	-73.78748
CC	41.006064	-73.81192
R	40.973786	-73.803218
CC	40.988283	-73.806716
V	40.988832	-73.80579
K	40.984624	-73.777743
CC	41.006093	-73.811892
V	40.9817	-73.79926
K	40.907438	-73.784166
ST	40.913926	-73.77784
SR	40.976965	-73.803906
V	40.981177	-73.798592
ST	40.890965	-73.821051
ST	40.971173	-73.806528
K	40.9772	-73.803195
K	40.915078	-73.77223
CC	40.944979	-73.794799
M	40.916847	-73.780413
K	40.989542	-73.807614
ST	40.986962	-73.824141
K	40.918094	-73.767633
CC	40.924329	-73.759238
ST	40.908476	-73.81135
M	40.937383	-73.762277
SR	40.987757	-73.808283
ST	40.891964	-73.821257
U	40.887402	-73.791271
M	40.979579	-73.801604
CC	41.015827	-73.78664
ER	41.010942	-73.808004
CC	40.989378	-73.807247
SR	40.891592	-73.817621
M	40.970859	-73.804703
K	40.912436	-73.808833
K	40.902061	-73.78919
SR	40.984968	-73.81039
CC	40.926125	-73.753568
CC	40.986406	-73.775601
CC	40.9305	-73.762278
K	40.915147	-73.77212
CC	40.991444	-73.806707
R	40.931661	-73.760353
M	40.892284	-73.819795
ST	40.930407	-73.762081
U	40.91563	-73.784591
ST	40.908824	-73.780155
R	40.987771	-73.808268
K	40.93187	-73.760066
U	40.908344	-73.811526
SR	40.92394	-73.758674
K	40.925683	-73.788889
SR	40.993142	-73.82157
M	41.006652	-73.810183
K	40.909825	-73.789578
R	40.923109	-73.788031
M	40.928236	-73.769463
CC	40.988351	-73.807092
P	41.007051	-73.811216
CC	40.933208	-73.7584
R	40.979543	-73.801461
AS	40.910579	-73.781762
SR	40.914944	-73.771231
ER	40.948143	-73.756177
AS	40.943875	-73.757692
CC	40.913317	-73.789419
ER	41.002259	-73.813636
V	40.919932	-73.750415
K	40.932396	-73.759599
K	40.916206	-73.785526
CC	40.905846	-73.78709
K	40.989149	-73.809336
ST	41.000092	-73.814637
K	40.912773	-73.783124
U	40.924028	-73.787413
K	40.911709	-73.77759
SR	40.908635	-73.7939
CC	40.988989	-73.808968
G	40.987155	-73.809811
M	40.994821	-73.829454
K	40.914263	-73.793774
R	40.89685	-73.804845
ER	40.91778	-73.776996
R	40.931201	-73.761761
G	40.890423	-73.817488
SR	40.915386	-73.808834
CC	40.978759	-73.806138
R	40.933799	-73.74784
ST	40.901488	-73.788189
M	40.933146	-73.759087
SR	40.930353	-73.750672
CC	40.896042	-73.804704
V	40.914388	-73.785016
K	40.9106	-73.781819
CC	40.913309	-73.789438
M	40.909396	-73.779961
CC	40.961466	-73.778875
SR	40.922923	-73.762175
K	40.946948	-73.795511
CC	40.979077	-73.807488
SR	40.912501	-73.781519
K	40.930463	-73.749885
CC	40.913074	-73.79071
ST	40.907689	-73.782727
CC	40.913087	-73.790624
R	40.935393	-73.756322
K	40.908563	-73.782334
V	40.989086	-73.766479
U	40.930184	-73.750057
K	40.910111	-73.79007
ST	40.907791	-73.779252
CC	40.921124	-73.788911
ST	40.925	-73.791289
K	40.907482	-73.782209
CC	41.004292	-73.813209
M	40.897024	-73.804539
K	40.9181	-73.76764
ER	40.98551	-73.808812
SR	40.988752	-73.82473
ER	40.921788	-73.7883
ST	40.909474	-73.810937
K	40.911233	-73.780807
R	40.987823	-73.825171
ST	40.981508	-73.804717
R	40.947828	-73.79429
ST	40.930576	-73.762188
SR	40.914425	-73.782061
ST	40.980459	-73.776521
ER	40.90801	-73.785747
CC	40.988309	-73.807139
R	40.946361	-73.795209
K	40.906655	-73.77603
R	40.974322	-73.803028
SR	40.919336	-73.776984
ST	40.910556	-73.792306
K	40.915112	-73.772032
ST	40.906854	-73.788646
K	40.984489	-73.7777
M	40.910653	-73.794058
G	40.929642	-73.751639
SR	40.983375	-73.803262
ER	40.933604	-73.758693
ST	40.988846	-73.807602
U	40.987137	-73.808448
SR	40.893053	-73.817777
ST	40.939107	-73.744926
SR	40.923456	-73.78798
K	40.908517	-73.779359
SR	40.931383	-73.760571
ST	41.00631	-73.811613
U	40.985468	-73.810088
CC	40.986973	-73.824121
CC	40.981261	-73.812959
CC	40.940778	-73.781243
